thermal_component,workload_intensity,sample_size,total_response_mean,total_response_cv,processing_time_cv
warm_50ms,light,4829,50.99530337544005,0.5289247207539416,27.09995491142772
warm_50ms,moderate,1281,51.06730210772833,0.4902640892379695,23.457710967116597
warm_50ms,heavy,196,51.08957653061225,0.44574548849921963,20.900733090368295
full_cold_300ms,light,808,301.2521349009901,0.08688037091824935,20.902617760607793
full_cold_300ms,moderate,202,301.3049801980198,0.08387931977734508,19.36677416476243
full_cold_300ms,heavy,40,301.3433,0.06394448501466327,14.344704928995029
