workload_intensity,total_queued_jobs,total_response_mean,total_response_std,cooling_penalty_mean,cooling_penalty_std,no_thermal_count,warm_50ms_count,full_cold_300ms_count
light,1517,1035.1059353988135,73.81683248181852,34.113381674357285,73.75676928081971,977,441,99
moderate,5473,1005.2236901151106,28.244410503000317,4.2115841403252325,28.212535919952877,5232,197,44
heavy,9525,1001.6305155905512,11.455236850590305,0.5774278215223098,11.441761977716885,9480,32,13
