analysis,workload,chi2_statistic,p_value,dof,n,significant
overall,all,3.2998340316697004,0.5089585544920145,4,109568,False
by_workload,light,0.9561063469237938,0.9163770476305152,4,14807,False
by_workload,moderate,0.46904344054548613,0.9764437868855377,4,39397,False
by_workload,heavy,4.255309976857019,0.3725546764023992,4,55364,False
