algorithm_type,workload,algo_level_r,algo_level_p,algo_level_sig,algo_level_n,iter_level_r,iter_level_p,iter_level_sig,iter_level_n
Worker,light,-0.8250682291669319,0.08548690488309285,ns,5,-0.22017022670157138,0.006783915288413782,**,150
Worker,moderate,-0.798002247761345,0.10561758882315492,ns,5,-0.2755346241930087,0.005526484701223049,**,100
Worker,heavy,-0.38467103985615914,0.5225839024752111,ns,5,-0.0346170857971094,0.73241024042252,ns,100
Hybrid,light,-0.8919985666246134,7.876968033311324e-06,***,15,-0.3136771704939609,9.884869555485459e-12,***,450
Hybrid,moderate,-0.770373572266527,0.0007777210883543906,***,15,-0.27124176749112244,1.859554255643893e-06,***,300
Hybrid,heavy,0.010297161410945735,0.9709463165064887,ns,15,-0.06356526096610714,0.27404211924561533,ns,298
