algorithm_type,workload,algo_level_r,algo_level_p,algo_level_sig,algo_level_n,iter_level_r,iter_level_p,iter_level_sig,iter_level_n
Worker,light,-0.825068229166932,0.08548690488309285,ns,5,-0.22017022670157144,0.006783915288413783,**,150
Worker,moderate,-0.798002247761345,0.10561758882315492,ns,5,-0.2755346241930087,0.005526484701223049,**,100
Worker,heavy,-0.3846710398561592,0.5225839024752111,ns,5,-0.03461708579710935,0.73241024042252,ns,100
Hybrid,light,-0.8919985666246135,7.876968033311324e-06,***,15,-0.31367717049396093,9.884869555485459e-12,***,450
Hybrid,moderate,-0.7703735722665269,0.0007777210883543955,***,15,-0.2712417674911224,1.859554255643893e-06,***,300
Hybrid,heavy,0.010297161410945752,0.9709463165064887,ns,15,-0.06356526096610712,0.27404211924561533,ns,298
